<?xml version="1.0"?>
<data>
	<Size name = "#1">
		<visible>1</visible>
		<dk>0.139 in</dk>
		<k>0.039 in</k>
		<d>0.073 in</d>
		<s>0.029 in</s>
		<T>0.028 in</T>
		<b>12</b>
		<l>1/8 in,3/16 in,1/4 in,5/16 in,3/8 in,1/2 in,5/8 in,3/4 in</l>
	</Size>	
	<Size name = "#2">
		<visible>1</visible>
		<dk>0.164 in</dk>
		<k>0.046 in</k>
		<d>0.086 in</d>
		<s>0.029 in</s>
		<T>0.028 in</T>
		<b>12</b>
		<l>1/8 in,3/16 in,1/4 in,5/16 in,3/8 in,1/2 in,5/8 in,3/4 in,1 in,1 1/4 in,1 1/2 in,1 3/4 in,2 in,2 1/2 in,3 in,3 1/2 in</l>
	</Size>	
	<Size name = "#3">
		<visible>1</visible>
		<dk>0.188 in</dk>
		<k>0.052 in</k>
		<d>0.099 in</d>
		<s>1/16 in</s>
		<T>0.035 in</T>
		<b>12</b>
		<l>3/16 in,1/4 in,5/16 in,3/8 in,1/2 in,5/8 in,3/4 in</l>
	</Size>	
	<Size name = "#4">
		<visible>1</visible>
		<dk>0.213 in</dk>
		<k>0.059 in</k>
		<d>0.11 in</d>
		<s>1/16 in</s>
		<T>0.035 in</T>
		<b>12</b>
		<l>1/8 in,3/16 in,1/4 in,5/16 in,3/8 in,1/2 in,5/8 in,3/4 in</l>
	</Size>	
	<Size name = "#5">
		<visible>1</visible>
		<dk>0.238 in</dk>
		<k>0.066 in</k>
		<d>0.125 in</d>
		<s>5/64 in</s>
		<T>0.044 in</T>
		<b>16</b>
		<l>1/8 in,3/16 in,1/4 in,5/16 in,3/8 in,1/2 in,5/8 in,3/4 in</l>
	</Size>	
	<Size name = "#6">
		<visible>1</visible>
		<dk>0.262 in</dk>
		<k>0.087 in</k>
		<d>0.138 in</d>
		<s>5/64 in</s>
		<T>0.044 in</T>
		<b>16</b>
		<l>1/8 in,3/16 in,1/4 in,5/16 in,3/8 in,1/2 in,5/8 in,3/4 in,7/8 in,1 in</l>
	</Size>	
	<Size name = "#8">
		<visible>1</visible>
		<dk>0.312 in</dk>
		<k>0.087 in</k>
		<d>0.164 in</d>
		<s>3/32 in</s>
		<T>0.052 in</T>
		<b>18</b>
		<l>1/8 in,3/16 in,1/4 in,5/16 in,3/8 in,1/2 in,5/8 in,3/4 in,7/8 in,1 in</l>
	</Size>	
	<Size name = "#10">
		<visible>1</visible>
		<dk>0.361 in</dk>
		<k>0.101 in</k>
		<d>0.190 in</d>
		<s>1/8 in</s>
		<T>0.070 in</T>
		<b>22</b>
		<l>1/8 in,3/16 in,1/4 in,5/16 in,3/8 in,1/2 in,5/8 in,3/4 in,7/8 in,1 in</l>
	</Size>	
	<Size name = "1/4">
		<visible>1</visible>
		<dk>0.437 in</dk>
		<k>0.132 in</k>
		<d>1/4 in</d>
		<s>5/32 in</s>
		<T>0.087 in</T>
		<b>26</b>
		<l>5/16 in,3/8 in,1/2 in,5/8 in,3/4 in,7/8 in,1 in,1 1/4 in,1 1/2 in,1 3/4 in,2 in</l>
	</Size>	
	<Size name = "5/16">
		<visible>1</visible>
		<dk>0.547 in</dk>
		<k>0.166 in</k>
		<d>5/16 in</d>
		<s>3/16 in</s>
		<T>0.105 in</T>
		<b>30</b>
		<l>1/2 in,5/8 in,3/4 in,7/8 in,1 in,1 1/4 in,1 1/2 in,1 3/4 in,2 in,2 in,2 1/4 in,2 1/2 in</l>
	</Size>	
	<Size name = "3/8">
		<visible>1</visible>
		<dk>0.656 in</dk>
		<k>0.199 in</k>
		<d>3/8 in</d>
		<s>7/32 in</s>
		<T>0.122 in</T>
		<b>38</b>
		<l>1/2 in,5/8 in,3/4 in,7/8 in,1 in,1 1/4 in,1 1/2 in,1 3/4 in,2 in,2 in,2 1/4 in,2 1/2 in,2 3/4 in,3 in</l>
	</Size>	
	<Size name = "1/2">
		<visible>1</visible>
		<dk>0.875 in</dk>
		<k>0.265 in</k>
		<d>1/2 in</d>
		<s>5/16 in</s>
		<T>0.175 in</T>
		<b>46</b>
		<l>1/2 in,5/8 in,3/4 in,1 in,1 1/4 in,1 1/2 in,1 3/4 in,2 in,2 in,2 1/4 in,2 1/2 in,2 3/4 in,3 in,3 1/4 in</l>
	</Size>	
	<Size name = "5/8">
		<visible>1</visible>
		<dk>1.0 in</dk>
		<k>0.331 in</k>
		<d>5/8 in</d>
		<s>3/8 in</s>
		<T>0.210 in</T>
		<b>46</b>
		<l>1 1/4 in,1 1/2 in,1 3/4 in,2 in,2 in,2 1/4 in,2 1/2 in,2 3/4 in,3 in,3 1/4 in,3 1/2 in,3 3/4 in,4 in 4 1/4 in,4 1/2 in</l>
	</Size>

</data>
