<?xml version="1.0"?>
<data>
	<Size name = "M3">
		<visible>1</visible>
		<dk>5.7</dk>
		<k>1.65</k>
		<s>2</s>
		<d>3</d>
		<b>18</b>
		<T>1.04</T>
		<l>3,4,5,6,8,10,12,14,15,16,18,20,22,25,28,30,35,40,45,50</l>
	</Size>	
	<Size name = "M4">
		<visible>1</visible>
		<dk>7.6</dk>
		<k>2.20</k>
		<s>2.5</s>
		<d>4</d>
		<b>20</b>
		<T>1.3</T>
		<l>4,5,6,8,10,12,14,15,16,18,20,22,25,28,30,35,40,45,50,55,60,65,70</l>
	</Size>	
	<Size name = "M5">
		<visible>1</visible>
		<dk>9.5</dk>
		<k>2.75</k>
		<s>3</s>
		<d>5</d>
		<b>22</b>
		<T>1.56</T>
		<l>4,5,6,8,10,12,14,15,16,18,20,22,25,28,30,35,40,45,50,55,60,65,70</l>
	</Size>	
	<Size name = "M6">
		<visible>1</visible>
		<dk>10.50</dk>
		<k>3.3</k>
		<d>6</d>
		<s>4</s>
		<b>24</b>
		<T>2.08</T>
		<l>5,6,8,10,12,14,15,16,18,20,22,25,28,30,35,40,45,50,55,60,65,70,75,80,85,90,95,100</l>
	</Size>	
	<Size name = "M8">
		<visible>1</visible>
		<dk>14</dk>
		<k>4.4</k>
		<s>5</s>
		<d>8</d>
		<b>28</b>
		<T>2.6</T>
		<l>8,10,12,14,15,16,18,20,22,25,28,30,35,40,45,50,55,60,65,70,75,80,85,90,95,100,105,110,115,120,125,130,135,140,150</l>
	</Size>	
	<Size name = "M10">
		<visible>1</visible>
		<dk>17.50</dk>
		<k>5.5</k>
		<s>6</s>
		<d>10</d>
		<b>32</b>
		<T>3.12</T>
		<l>10,12,14,15,16,18,20,22,25,28,30,35,40,45,50,55,60,65,70,75,80,85,90,95,100,105,110,115,120,125,130,135,140,150,160,170,180,190,200</l>
	</Size>	
	<Size name = "M12">
		<visible>1</visible>
		<dk>21</dk>
		<k>6.6</k>
		<s>8</s>
		<d>10</d>
		<b>32</b>
		<T>4.16</T>
		<l>10,12,14,15,16,18,20,22,25,28,30,35,40,45,50,55,60,65,70,75,80,85,90,95,100,105,110,115,120,125,130,135,140,150,160,170,180,190,200</l>
	</Size>	
	<Size name = "M16">
		<visible>1</visible>
		<dk>28</dk>
		<k>8.80</k>
		<s>10</s>
		<d>10</d>
		<b>32</b>
		<T>5.12</T>
		<l>10,12,14,15,16,18,20,22,25,28,30,35,40,45,50,55,60,65,70,75,80,85,90,95,100,105,110,115,120,125,130,135,140,150,160,170,180,190,200</l>
	</Size>	

</data>
