<?xml version="1.0"?>
<data>
	<Size name = "M3">
		<visible>1</visible>
		<dk>6</dk>
		<k>1.7</k>
		<d>3</d>
		<s>2</s>
		<T>0.95</T>
		<b>12</b>
		<l>8,10,12,14,15,16,18,20,22,25,28,30</l>
	</Size>	
	<Size name = "M4">
		<visible>1</visible>
		<dk>8</dk>
		<k>2.30</k>
		<d>4</d>
		<s>2.5</s>
		<T>1.55</T>
		<b>14</b>
		<l>8,10,12,14,15,16,18,20,22,25,28,30,35,40</l>
	</Size>	
	<Size name = "M5">
		<visible>1</visible>
		<dk>10</dk>
		<k>2.80</k>
		<d>5</d>
		<s>3</s>
		<T>2.05</T>
		<b>16</b>
		<l>10,12,14,15,16,18,20,22,25,28,30,35,40,45,50</l>
	</Size>	
	<Size name = "M6">
		<visible>1</visible>
		<dk>12</dk>
		<k>3.3</k>
		<d>6</d>
		<s>4</s>
		<T>2.25</T>
		<b>18</b>
		<l>12,14,15,16,18,20,22,25,28,30,35,40,45,50</l>
	</Size>	
	<Size name = "M8">
		<visible>1</visible>
		<dk>16</dk>
		<k>4.40</k>
		<d>8</d>
		<s>5</s>
		<T>3.20</T>
		<b>22</b>
		<l>16,18,20,22,25,28,30,35,40,45,50,55,60</l>
	</Size>	
	<Size name = "M10">
		<visible>1</visible>
		<dk>20</dk>
		<k>5.5</k>
		<d>10</d>
		<s>6</s>
		<T>4.10</T>
		<b>26</b>
		<l>20,22,25,28,30,35,40,45,50,55,60,65,70</l>
	</Size>	
	<Size name = "M12">
		<visible>1</visible>
		<dk>24</dk>
		<k>6.50</k>
		<d>12</d>
		<s>8</s>
		<T>4.30</T>
		<b>30</b>
		<l>20,22,25,28,30,35,40,45,50,55,60,65,70</l>
	</Size>	
	<Size name = "M16">
		<visible>1</visible>
		<dk>30</dk>
		<k>10</k>
		<d>16</d>
		<s>10</s>
		<T>5.00</T>
		<b>38</b>
		<l>35,40,45,50,55,60,65,70,75,80,85,90</l>
	</Size>	
	<Size name = "M20">
		<visible>1</visible>
		<dk>36</dk>
		<k>8.5</k>
		<d>20</d>
		<s>12</s>
		<T>5.60</T>
		<b>46</b>
		<l>40,45,50,55,60,65,70,75,80,85,90,95,100</l>
	</Size>	
</data>
