<?xml version="1.0"?>
<data>
	<Size name = "#4">
		<visible>1</visible>
		<dk>0.255 in</dk>
		<k>0.083 in</k>
		<d>0.11 in</d>
		<s>1/16 in</s>
		<T>0.055 in</T>
		<b>12</b>
		<l>1/8 in,3/16 in,1/4 in,5/16 in,3/8 in,1/2 in,5/8 in,3/4 in</l>
	</Size>	
	<Size name = "#5">
		<visible>1</visible>
		<dk>0.281 in</dk>
		<k>0.090 in</k>
		<d>0.125 in</d>
		<s>5/64 in</s>
		<T>0.061 in</T>
		<b>14</b>
		<l>1/8 in,3/16 in,1/4 in,5/16 in,3/8 in,1/2 in,5/8 in,3/4 in</l>
	</Size>	
	<Size name = "#6">
		<visible>1</visible>
		<dk>0.307 in</dk>
		<k>0.097 in</k>
		<d>0.138 in</d>
		<s>5/64 in</s>
		<T>0.066 in</T>
		<b>16</b>
		<l>1/8 in,3/16 in,1/4 in,5/16 in,3/8 in,1/2 in,5/8 in,3/4 in</l>
	</Size>	
	<Size name = "#8">
		<visible>1</visible>
		<dk>0.359 in</dk>
		<k>0.112 in</k>
		<d>0.164 in</d>
		<s>3/32 in</s>
		<T>0.076 in</T>
		<b>18</b>
		<l>1/8 in,3/16 in,1/4 in,5/16 in,3/8 in,1/2 in,5/8 in,3/4 in</l>
	</Size>	
	<Size name = "#10">
		<visible>1</visible>
		<dk>0.411 in</dk>
		<k>0.127 in</k>
		<d>0.190 in</d>
		<s>1/8 in</s>
		<T>0.087 in</T>
		<b>22</b>
		<l>1/8 in,3/16 in,1/4 in,5/16 in,3/8 in,1/2 in,5/8 in,3/4 in</l>
	</Size>	
	<Size name = "1/4">
		<visible>1</visible>
		<dk>0.531 in</dk>
		<k>0.161 in</k>
		<d>1/4 in</d>
		<s>5/32 in</s>
		<T>0.111 in</T>
		<b>26</b>
		<l>1/8 in,3/16 in,1/4 in,5/16 in,3/8 in,1/2 in,5/8 in,3/4 in,1 in, 1 1/2 in,1 3/4 in,2 in,2 1/4 in,2 1/2 in,3 in,3 1/2 in,4 in,4 1/2 in,5 in,5 1/2 in,6 in</l>
	</Size>	
	<Size name = "5/16">
		<visible>1</visible>
		<dk>0.656 in</dk>
		<k>0.198 in</k>
		<d>5/16 in</d>
		<s>3/16 in</s>
		<T>0.135 in</T>
		<b>30</b>
		<l>5/16 in,3/8 in,1/2 in,5/8 in,3/4 in,1 in, 1 1/2 in,1 3/4 in,2 in,2 1/4 in,2 1/2 in,3 in,3 1/2 in,4 in,4 1/2 in,5 in,5 1/2 in,6 in</l>
	</Size>	
	<Size name = "3/8">
		<visible>1</visible>
		<dk>0.781 in</dk>
		<k>0.234 in</k>
		<d>3/8 in</d>
		<s>7/32 in</s>
		<T>0.159 in</T>
		<b>38</b>
		<l>5/16 in,3/8 in,1/2 in,5/8 in,3/4 in,1 in, 1 1/2 in,1 3/4 in,2 in,2 1/4 in,2 1/2 in,3 in,3 1/2 in,4 in,4 1/2 in,5 in,5 1/2 in,6 in</l>
	</Size>	
	<Size name = "7/16">
		<visible>1</visible>
		<dk>0.844 in</dk>
		<k>0.234 in</k>
		<d>7/16 in</d>
		<s>1/4 in</s>
		<T>0.159 in</T>
		<b>46</b>
		<l>1/2 in,5/8 in,3/4 in,1 in, 1 1/2 in,1 3/4 in,2 in,2 1/4 in,2 1/2 in,3 in,3 1/2 in,4 in,4 1/2 in,5 in,5 1/2 in,6 in</l>
	</Size>	<Size name = "1/2">
		<visible>1</visible>
		<dk>0.938 in</dk>
		<k>0.251 in</k>
		<d>1/2 in</d>
		<s>5/16 in</s>
		<T>0.172 in</T>
		<b>46</b>
		<l>1/2 in,5/8 in,3/4 in,1 in, 1 1/2 in,1 3/4 in,2 in,2 1/4 in,2 1/2 in,3 in,3 1/2 in,4 in,4 1/2 in,5 in,5 1/2 in,6 in</l>
	</Size>	
	<Size name = "5/8">
		<visible>1</visible>
		<dk>1.188 in</dk>
		<k>0.324 in</k>
		<d>5/8 in</d>
		<s>3/8 in</s>
		<T>0.220 in</T>
		<b>46</b>
		<l>1/2 in,5/8 in,3/4 in,1 in, 1 1/2 in,1 3/4 in,2 in,2 1/4 in,2 1/2 in,3 in,3 1/2 in,4 in,4 1/2 in,5 in,5 1/2 in,6 in</l>
	</Size>
	<Size name = "3/4">
		<visible>1</visible>
		<dk>1.438 in</dk>
		<k>0.396 in</k>
		<d>3/4 in</d>
		<s>1/2 in</s>
		<T>0.220 in</T>
		<b>46</b>
		<l>1/2 in,5/8 in,3/4 in,1 in, 1 1/2 in,1 3/4 in,2 in,2 1/4 in,2 1/2 in,3 in,3 1/2 in,4 in,4 1/2 in,5 in,5 1/2 in,6 in</l>
	</Size>
</data>
