<?xml version="1.0"?>
<data>
	<Size name = "M2">
		<visible>1</visible>
		<dk>2</dk>
		<k>1.45</k>
		<s>3.2</s>
		<b>25</b>
		<l>3,4,5,6,8,10,12,14,15,16,18,20</l>
	</Size>	
	<Size name = "M2.5">
		<visible>1</visible>
		<dk>2.5</dk>
		<k>2</k>
		<s>4</s>
		<b>25</b>
		<l>3,4,5,6,8,10,12,14,15,16,18,20</l>
	</Size>	
	<Size name = "M3">
		<visible>1</visible>
		<dk>3</dk>
		<k>2.4</k>
		<s>5</s>
		<b>25</b>
		<l>3,4,5,6,8,10,12,14,15,16,18,20,22,25,28,30,35,40,45,50</l>
	</Size>	
	<Size name = "M4">
		<visible>1</visible>
		<dk>4</dk>
		<k>3</k>
		<s>7</s>
		<b>38</b>
		<l>4,5,6,8,10,12,14,15,16,18,20,22,25,28,30,35,40,45,50,55,60,65,70</l>
	</Size>	
	<Size name = "M5">
		<visible>1</visible>
		<dk>5</dk>
		<k>3.8</k>
		<s>8</s>
		<b>38</b>
		<l>4,5,6,8,10,12,14,15,16,18,20,22,25,28,30,35,40,45,50,55,60,65,70</l>
	</Size>	
	<Size name = "M6">
		<visible>1</visible>
		<dk>6</dk>
		<k>4.7</k>
		<s>10</s>
		<b>24</b>
		<l>5,6,8,10,12,14,15,16,18,20,22,25,28,30,35,40,45,50,55,60,65,70,75,80,85,90,95,100</l>
	</Size>	
	<Size name = "M8">
		<visible>1</visible>
		<dk>8</dk>
		<k>6</k>
		<s>13</s>
		<b>38</b>
		<l>8,10,12,14,15,16,18,20,22,25,28,30,35,40,45,50,55,60,65,70,75,80,85,90,95,100,105,110,115,120,125,130,135,140,150</l>
	</Size>	
	<Size name = "M10">
		<visible>1</visible>
		<dk>10</dk>
		<k>7.5</k>
		<s>16</s>
		<b>38</b>
		<l>10,12,14,15,16,18,20,22,25,28,30,35,40,45,50,55,60,65,70,75,80,85,90,95,100,105,110,115,120,125,130,135,140,150,160,170,180,190,200</l>
	</Size>	
	<Size name = "M12">
		<visible>1</visible>
		<dk>12</dk>
		<k>9</k>
		<s>18</s>
		<b>38</b>
		<l>12,15,16,18,20,22,25,28,30,35,40,45,50,55,60,65,70,75,80,85,90,95,100,105,110,115,120,125,130,135,140,150,160,170,180,190,200</l>
	</Size>	
	<Size name = "M14">
		<visible>1</visible>
		<dk>14</dk>
		<k>11</k>
		<s>22</s>
		<b>40</b>
		<l>20,22,25,28,30,35,40,45,50,55,60,65,70,75,80,85,90,95,100</l>
	</Size>	
	<Size name = "M16">
		<visible>1</visible>
		<dk>16</dk>
		<k>12</k>
		<s>24</s>
		<b>44</b>
		<l>25,28,30,35,40,45,50,55,60,65,70,75,80,85,90,95,100,105,110,115,120,125,130,135,140,150</l>
	</Size>	
	<Size name = "M20">
		<visible>1</visible>
		<dk>20</dk>
		<k>14</k>
		<s>30</s>
		<b>52</b>
		<l>40,45,50,55,60,65,70,75,80,85,90,95,100</l>
	</Size>	
	<Size name = "M24">
		<visible>1</visible>
		<dk>24</dk>
		<k>16</k>
		<s>36</s>
		<b>60</b>
		<l>30,35,40,45,50,55,60,65,70,75,80,85,90,95,100</l>
	</Size>	
</data>
