<?xml version="1.0"?>
<data>
	<Size name = "#2">
		<visible>1</visible>
		<dk>0.167 in</dk>
		<k>0.053 in</k>
		<d>0.086 in</d>
		<s>0.104 in</s>
		<T>0.045 in</T>
		<b>12</b>
		<N>0.017 in</N>
		<l>1/8 in,3/16 in,1/4 in,5/16 in,3/8 in,1/2 in,5/8 in,3/4 in</l>
	</Size>	
	<Size name = "#3">
		<visible>1</visible>
		<dk>0.193 in</dk>
		<k>0.060 in</k>
		<d>0.099 in</d>
		<s>0.112 in</s>
		<T>0.050 in</T>
		<b>12</b>
		<N>0.019 in</N>
		<l>1/8 in,3/16 in,1/4 in,5/16 in,3/8 in,1/2 in,5/8 in,3/4 in</l>
	</Size>	
	<Size name = "#4">
		<visible>1</visible>
		<dk>0.219 in</dk>
		<k>0.068 in</k>
		<d>0.112 in</d>
		<s>0.122 in</s>
		<T>0.051 in</T>
		<b>16</b>
		<N>0.019 in</N>
		<l>1/8 in,3/16 in,1/4 in,5/16 in,3/8 in,1/2 in,5/8 in,3/4 in,7/8 in,1 in</l>
	</Size>	
	<Size name = "#5">
		<visible>1</visible>
		<dk>0.245 in</dk>
		<k>0.075 in</k>
		<d>0.125 in</d>
		<s>0.158 in</s>
		<T>0.073 in</T>
		<b>16</b>
		<N>0.028 in</N>
		<l>1/8 in,3/16 in,1/4 in,5/16 in,3/8 in,1/2 in,5/8 in,3/4 in,7/8 in,1 in</l>
	</Size>	
	<Size name = "#6">
		<visible>1</visible>
		<dk>0.270 in</dk>
		<k>0.082 in</k>
		<d>0.138 in</d>
		<s>0.166 in</s>
		<T>0.075 in</T>
		<b>16</b>
		<N>0.028 in</N>
		<l>1/8 in,3/16 in,1/4 in,5/16 in,3/8 in,1/2 in,5/8 in,3/4 in,7/8 in,1 in</l>
	</Size>	
	<Size name = "#8">
		<visible>1</visible>
		<dk>0.322 in</dk>
		<k>0.096 in</k>
		<d>0.164 in</d>
		<s>0.182 in</s>
		<T>0.085 in</T>
		<b>18</b>
		<N>0.030 in</N>
		<l>1/8 in,3/16 in,1/4 in,5/16 in,3/8 in,1/2 in,5/8 in,3/4 in,7/8 in,1 in</l>
	</Size>	
	<Size name = "#10">
		<visible>1</visible>
		<dk>0.373 in</dk>
		<k>0.110 in</k>
		<d>0.190 in</d>
		<s>0.199 in</s>
		<T>0.080 in</T>
		<b>22</b>
		<N>0.031 in</N>
		<l>1/8 in,3/16 in,1/4 in,5/16 in,3/8 in,1/2 in,5/8 in,3/4 in,7/8 in,1 in</l>
	</Size>	
	<Size name = "1/4">
		<visible>1</visible>
		<dk>0.492 in</dk>
		<k>0.144 in</k>
		<d>1/4 in</d>
		<s>0.281 in</s>
		<T>0.095 in</T>
		<b>26</b>
		<N>0.036 in</N>
		<l>5/16 in,3/8 in,1/2 in,5/8 in,3/4 in,7/8 in,1 in,1 1/4 in,1 1/2 in,1 3/4 in,2 in</l>
	</Size>	
	<Size name = "5/16">
		<visible>1</visible>
		<dk>0.615 in</dk>
		<k>0.178 in</k>
		<d>5/16 in</d>
		<s>0.350 in</s>
		<T>0.165 in</T>
		<b>30</b>
		<N>0.169 in</N>
		<l>1/2 in,5/8 in,3/4 in,7/8 in,1 in,1 1/4 in,1 1/2 in,1 3/4 in,2 in,2 in,2 1/4 in,2 1/2 in</l>
	</Size>	
	<Size name = "3/8">
		<visible>1</visible>
		<dk>0.740 in</dk>
		<k>0.212 in</k>
		<d>3/8 in</d>
		<s>0.389 in</s>
		<T>0.201 in</T>
		<b>38</b>
		<N>0.210 in</N>
		<l>1/2 in,5/8 in,3/4 in,7/8 in,1 in,1 1/4 in,1 1/2 in,1 3/4 in,2 in,2 in,2 1/4 in,2 1/2 in,2 3/4 in,3 in</l>
	</Size>	

</data>
