<?xml version="1.0"?>
<data>
	<Size name = "M1.6">
		<visible>1</visible>
		<dk>3.2</dk>
		<k>1.30</k>
		<s>1.8</s>
		<d>1.6</d>
		<b>18</b>
		<T>1.04</T>
		<N>1</N>
		<l>3,4,5,6,8,10,12,14,15,16,18,20,22,25,28,30,35,40,45,50</l>
	</Size>	
	<Size name = "M2">
		<visible>1</visible>
		<dk>4</dk>
		<k>1.6</k>
		<s>2.5</s>
		<d>2</d>
		<b>18</b>
		<T>1.04</T>
		<N>1</N>
		<l>3,4,5,6,8,10,12,14,15,16,18,20,22,25,28,30,35,40,45,50</l>
	</Size>	
	<Size name = "M2.5">
		<visible>1</visible>
		<dk>5</dk>
		<k>2</k>
		<s>2.7</s>
		<d>2.5</d>
		<b>18</b>
		<T>1.04</T>
		<N>1</N>
		<l>3,4,5,6,8,10,12,14,15,16,18,20,22,25,28,30,35,40,45,50</l>
	</Size>	
	<Size name = "M3">
		<visible>1</visible>
		<dk>6</dk>
		<k>2.4</k>
		<s>3.1</s>
		<d>3</d>
		<b>18</b>
		<T>1.04</T>
		<N>1</N>
		<l>3,4,5,6,8,10,12,14,15,16,18,20,22,25,28,30,35,40,45,50</l>
	</Size>	
	<Size name = "M4">
		<visible>1</visible>
		<dk>8</dk>
		<k>3.1</k>
		<s>4.6</s>
		<d>4</d>
		<b>20</b>
		<T>1.3</T>
		<N>1.5</N>
		<l>4,5,6,8,10,12,14,15,16,18,20,22,25,28,30,35,40,45,50,55,60,65,70</l>
	</Size>	
	<Size name = "M5">
		<visible>1</visible>
		<dk>10</dk>
		<k>3.8</k>
		<s>5.3</s>
		<d>5</d>
		<b>22</b>
		<T>1.56</T>
		<N>1.5</N>
		<l>4,5,6,8,10,12,14,15,16,18,20,22,25,28,30,35,40,45,50,55,60,65,70</l>
	</Size>	
	<Size name = "M6">
		<visible>1</visible>
		<dk>12</dk>
		<k>4.6</k>
		<d>6</d>
		<s>6.8</s>
		<b>24</b>
		<T>2.08</T>
		<N>2.5</N>
		<l>5,6,8,10,12,14,15,16,18,20,22,25,28,30,35,40,45,50,55,60,65,70,75,80,85,90,95,100</l>
	</Size>	
	<Size name = "M8">
		<visible>1</visible>
		<dk>16</dk>
		<k>6</k>
		<s>9</s>
		<d>8</d>
		<b>28</b>
		<T>2.6</T>
		<N>3.6</N>
		<l>8,10,12,14,15,16,18,20,22,25,28,30,35,40,45,50,55,60,65,70,75,80,85,90,95,100,105,110,115,120,125,130,135,140,150</l>
	</Size>	
	<Size name = "M10">
		<visible>1</visible>
		<dk>20</dk>
		<k>7.5</k>
		<s>10.2</s>
		<d>10</d>
		<b>32</b>
		<T>3.12</T>
		<N>3.6</N>
		<l>10,12,14,15,16,18,20,22,25,28,30,35,40,45,50,55,60,65,70,75,80,85,90,95,100,105,110,115,120,125,130,135,140,150,160,170,180,190,200</l>
	</Size>	
</data>
