<?xml version="1.0"?>
<data>
	<Size name = "#4">
		<visible>1</visible>
		<dk>0.211 in</dk>
		<k>0.086 in</k>
		<d>0.11 in</d>
		<s>0.039 in</s>
		<T>0.058 in</T>
		<b>12</b>
		<l>1/8 in,3/16 in,1/4 in,5/16 in,3/8 in,1/2 in,5/8 in,3/4 in</l>
	</Size>	
	<Size name = "#6">
		<visible>1</visible>
		<dk>0.260 in</dk>
		<k>0.130 in</k>
		<d>0.138 in</d>
		<s>0.048 in</s>
		<T>0.068 in</T>
		<b>16</b>
		<l>1/8 in,3/16 in,1/4 in,5/16 in,3/8 in,1/2 in,5/8 in,3/4 in,7/8 in,1 in</l>
	</Size>	
	<Size name = "#8">
		<visible>1</visible>
		<dk>0.309 in</dk>
		<k>0.137 in</k>
		<d>0.164 in</d>
		<s>0.054 in</s>
		<T>0.077 in</T>
		<b>18</b>
		<l>1/8 in,3/16 in,1/4 in,5/16 in,3/8 in,1/2 in,5/8 in,3/4 in,7/8 in,1 in</l>
	</Size>	
	<Size name = "#10">
		<visible>1</visible>
		<dk>0.359 in</dk>
		<k>0.137 in</k>
		<d>0.190 in</d>
		<s>0.06 in</s>
		<T>0.087 in</T>
		<b>22</b>
		<l>1/8 in,3/16 in,1/4 in,5/16 in,3/8 in,1/2 in,5/8 in,3/4 in,7/8 in,1 in</l>
	</Size>	
	<Size name = "1/4">
		<visible>1</visible>
		<dk>0.472 in</dk>
		<k>0.175 in</k>
		<d>1/4 in</d>
		<s>0.075 in</s>
		<T>0.109 in</T>
		<b>26</b>
		<l>5/16 in,3/8 in,1/2 in,5/8 in,3/4 in,7/8 in,1 in,1 1/4 in,1 1/2 in,1 3/4 in,2 in</l>
	</Size>	
	<Size name = "5/16">
		<visible>1</visible>
		<dk>0.590 in</dk>
		<k>0.216 in</k>
		<d>5/16 in</d>
		<s>0.084 in</s>
		<T>0.155 in</T>
		<b>30</b>
		<l>1/2 in,5/8 in,3/4 in,7/8 in,1 in,1 1/4 in,1 1/2 in,1 3/4 in,2 in,2 in,2 1/4 in,2 1/2 in</l>
	</Size>	
	<Size name = "3/8">
		<visible>1</visible>
		<dk>0.708 in</dk>
		<k>0.256 in</k>
		<d>3/8 in</d>
		<s>0.094 in</s>
		<T>0.155 in</T>
		<b>38</b>
		<l>1/2 in,5/8 in,3/4 in,7/8 in,1 in,1 1/4 in,1 1/2 in,1 3/4 in,2 in,2 in,2 1/4 in,2 1/2 in,2 3/4 in,3 in</l>
	</Size>	

</data>
