<?xml version="1.0"?>
<data>
	<Size name = "M1.6">
		<visible>1</visible>
		<dk>3</dk>
		<k>1.6</k>
		<s>1.5</s>
		<b>15</b>
		<l>3,4,5,6,8,10</l>
	</Size>
	<Size name = "M2">
		<visible>1</visible>
		<dk>3.8</dk>
		<k>2</k>
		<s>1.5</s>
		<b>16</b>
		<l>3,4,5,6,8,10,12,14,15,16,18,20</l>
	</Size>	
	<Size name = "M2.5">
		<visible>1</visible>
		<dk>4.5</dk>
		<k>2.5</k>
		<s>2</s>
		<b>17</b>
		<l>3,4,5,6,8,10,12,14,15,16,18,20</l>
	</Size>	
	<Size name = "M3">
		<visible>1</visible>
		<dk>5.5</dk>
		<k>3</k>
		<s>2.5</s>
		<b>18</b>
		<l>3,4,5,6,8,10,12,14,15,16,18,20,22,25,28,30,35,40,45,50</l>
	</Size>	
	<Size name = "M4">
		<visible>1</visible>
		<dk>7</dk>
		<k>4</k>
		<s>3</s>
		<b>20</b>
		<l>4,5,6,8,10,12,14,15,16,18,20,22,25,28,30,35,40,45,50,55,60,65,70</l>
	</Size>	
	<Size name = "M5">
		<visible>1</visible>
		<dk>8.5</dk>
		<k>5</k>
		<s>4</s>
		<b>22</b>
		<l>4,5,6,8,10,12,14,15,16,18,20,22,25,28,30,35,40,45,50,55,60,65,70</l>
	</Size>	
	<Size name = "M6">
		<visible>1</visible>
		<dk>10</dk>
		<k>6</k>
		<s>5</s>
		<b>24</b>
		<l>5,6,8,10,12,14,15,16,18,20,22,25,28,30,35,40,45,50,55,60,65,70,75,80,85,90,95,100</l>
	</Size>	
	<Size name = "M8">
		<visible>1</visible>
		<dk>13</dk>
		<k>8</k>
		<s>6</s>
		<b>28</b>
		<l>8,10,12,14,15,16,18,20,22,25,28,30,35,40,45,50,55,60,65,70,75,80,85,90,95,100,105,110,115,120,125,130,135,140,150</l>
	</Size>	
	<Size name = "M10">
		<visible>1</visible>
		<dk>16</dk>
		<k>10</k>
		<s>8</s>
		<b>32</b>
		<l>10,12,14,15,16,18,20,22,25,28,30,35,40,45,50,55,60,65,70,75,80,85,90,95,100,105,110,115,120,125,130,135,140,150,160,170,180,190,200</l>
	</Size>	
	<Size name = "M12">
		<visible>1</visible>
		<dk>18</dk>
		<k>12</k>
		<s>10</s>
		<b>36</b>
		<l>12,15,16,18,20,22,25,28,30,35,40,45,50,55,60,65,70,75,80,85,90,95,100,105,110,115,120,125,130,135,140,150,160,170,180,190,200</l>
	</Size>	
	<Size name = "M14">
		<visible>1</visible>
		<dk>21</dk>
		<k>14</k>
		<s>12</s>
		<b>40</b>
		<l>20,22,25,28,30,35,40,45,50,55,60,65,70,75,80,85,90,95,100</l>
	</Size>	
	<Size name = "M16">
		<visible>1</visible>
		<dk>24</dk>
		<k>16</k>
		<s>14</s>
		<b>44</b>
		<l>25,28,30,35,40,45,50,55,60,65,70,75,80,85,90,95,100,105,110,115,120,125,130,135,140,150</l>
	</Size>	
	<Size name = "M20">
		<visible>1</visible>
		<dk>30</dk>
		<k>20</k>
		<s>17</s>
		<b>52</b>
		<l>40,45,50,55,60,65,70,75,80,85,90,95,100</l>
	</Size>	
	<Size name = "M24">
		<visible>1</visible>
		<dk>36</dk>
		<k>24</k>
		<s>19</s>
		<b>60</b>
		<l>30,35,40,45,50,55,60,65,70,75,80,85,90,95,100</l>
	</Size>	
	<Size name = "M36">
		<visible>1</visible>
		<dk>54</dk>
		<k>36</k>
		<s>27</s>
		<b>84</b>
		<l>60,70,80,90,100,110,120,130,135,140,150,160,170,180,190,200,210,220,230,240,250,260,280,300</l>
	</Size>	
</data>
